<?xml version="1.0" encoding="utf-8"?>
<!DOCTYPE hibernate-configuration
    PUBLIC "-//Hibernate/Hibernate Configuration DTD//EN"
    "http://hibernate.sourceforge.net/hibernate-configuration-3.0.dtd">

<hibernate-configuration>
    <session-factory >

		<!-- local connection properties -->
		<property name="hibernate.connection.url">jdbc:mysql://192.168.22.48/adetant?useLegacyDatetimeCode=false&amp;serverTimezone=UTC</property>
		<property name="hibernate.connection.driver_class">com.mysql.cj.jdbc.Driver</property>
		<property name="hibernate.connection.username">adetant</property>
		<property name="hibernate.connection.password">13071996</property>
		<!-- property name="hibernate.connection.pool_size"></property -->

		<!-- dialect for MySQL -->
        <property name="dialect">org.hibernate.dialect.MySQLDialect</property>

        <property name="hibernate.show_sql">true</property>
        
        <property name="hbm2ddl.auto">update</property>
        <property name="hibernate.transaction.factory_class">org.hibernate.transaction.JDBCTransactionFactory</property>
        
		<mapping resource="domaine/Personnes.hbm.xml"/>
		<mapping resource="domaine/Grppers.hbm.xml"/>
		<mapping resource="domaine/Groupes.hbm.xml"/>
    </session-factory>
</hibernate-configuration>